Country Name,Country Code,Series Name,Series Code,2020 [YR2020]
Argentina,ARG,Access to electricity (% of population),EG.ELC.ACCS.ZS,100
Argentina,ARG,People using at least basic drinking water services (% of population),SH.H2O.BASW.ZS,..
Argentina,ARG,Current health expenditure (% of GDP),SH.XPD.CHEX.GD.ZS,9.98438072
Argentina,ARG,Research and development expenditure (% of GDP),GB.XPD.RSDV.GD.ZS,0.541540026664734
Australia,AUS,Access to electricity (% of population),EG.ELC.ACCS.ZS,100
Australia,AUS,People using at least basic drinking water services (% of population),SH.H2O.BASW.ZS,99.9698176501115
Australia,AUS,Current health expenditure (% of GDP),SH.XPD.CHEX.GD.ZS,10.6489954
Australia,AUS,Research and development expenditure (% of GDP),GB.XPD.RSDV.GD.ZS,..
Brazil,BRA,Access to electricity (% of population),EG.ELC.ACCS.ZS,99.7027130126953
Brazil,BRA,People using at least basic drinking water services (% of population),SH.H2O.BASW.ZS,99.3208587959277
Brazil,BRA,Current health expenditure (% of GDP),SH.XPD.CHEX.GD.ZS,10.31291676
Brazil,BRA,Research and development expenditure (% of GDP),GB.XPD.RSDV.GD.ZS,1.14525997638702
China,CHN,Access to electricity (% of population),EG.ELC.ACCS.ZS,100
China,CHN,People using at least basic drinking water services (% of population),SH.H2O.BASW.ZS,95.8903136606767
China,CHN,Current health expenditure (% of GDP),SH.XPD.CHEX.GD.ZS,5.59359694
China,CHN,Research and development expenditure (% of GDP),GB.XPD.RSDV.GD.ZS,2.40666007995605
France,FRA,Access to electricity (% of population),EG.ELC.ACCS.ZS,100
France,FRA,People using at least basic drinking water services (% of population),SH.H2O.BASW.ZS,99.9999980735321
France,FRA,Current health expenditure (% of GDP),SH.XPD.CHEX.GD.ZS,12.20504951
France,FRA,Research and development expenditure (% of GDP),GB.XPD.RSDV.GD.ZS,2.28188991546631
Germany,DEU,Access to electricity (% of population),EG.ELC.ACCS.ZS,100
Germany,DEU,People using at least basic drinking water services (% of population),SH.H2O.BASW.ZS,100
Germany,DEU,Current health expenditure (% of GDP),SH.XPD.CHEX.GD.ZS,12.82248878
Germany,DEU,Research and development expenditure (% of GDP),GB.XPD.RSDV.GD.ZS,3.12979006767273
India,IND,Access to electricity (% of population),EG.ELC.ACCS.ZS,96.5
India,IND,People using at least basic drinking water services (% of population),SH.H2O.BASW.ZS,92.1456047702605
India,IND,Current health expenditure (% of GDP),SH.XPD.CHEX.GD.ZS,2.95919013
India,IND,Research and development expenditure (% of GDP),GB.XPD.RSDV.GD.ZS,0.646359980106354
Indonesia,IDN,Access to electricity (% of population),EG.ELC.ACCS.ZS,96.95
Indonesia,IDN,People using at least basic drinking water services (% of population),SH.H2O.BASW.ZS,92.5873956949722
Indonesia,IDN,Current health expenditure (% of GDP),SH.XPD.CHEX.GD.ZS,3.41433048
Indonesia,IDN,Research and development expenditure (% of GDP),GB.XPD.RSDV.GD.ZS,0.280680000782013
Italy,ITA,Access to electricity (% of population),EG.ELC.ACCS.ZS,100
Italy,ITA,People using at least basic drinking water services (% of population),SH.H2O.BASW.ZS,99.9170340740928
Italy,ITA,Current health expenditure (% of GDP),SH.XPD.CHEX.GD.ZS,9.63378334
Italy,ITA,Research and development expenditure (% of GDP),GB.XPD.RSDV.GD.ZS,1.50680005550385
Japan,JPN,Access to electricity (% of population),EG.ELC.ACCS.ZS,100
Japan,JPN,People using at least basic drinking water services (% of population),SH.H2O.BASW.ZS,99.0995295494953
Japan,JPN,Current health expenditure (% of GDP),SH.XPD.CHEX.GD.ZS,10.9042511
Japan,JPN,Research and development expenditure (% of GDP),GB.XPD.RSDV.GD.ZS,3.26897001266479
"Korea, Rep.",KOR,Access to electricity (% of population),EG.ELC.ACCS.ZS,100
"Korea, Rep.",KOR,People using at least basic drinking water services (% of population),SH.H2O.BASW.ZS,99.8476930598844
"Korea, Rep.",KOR,Current health expenditure (% of GDP),SH.XPD.CHEX.GD.ZS,8.36409569
"Korea, Rep.",KOR,Research and development expenditure (% of GDP),GB.XPD.RSDV.GD.ZS,4.79571008682251
Mexico,MEX,Access to electricity (% of population),EG.ELC.ACCS.ZS,99.4
Mexico,MEX,People using at least basic drinking water services (% of population),SH.H2O.BASW.ZS,99.3687045328802
Mexico,MEX,Current health expenditure (% of GDP),SH.XPD.CHEX.GD.ZS,6.2421484
Mexico,MEX,Research and development expenditure (% of GDP),GB.XPD.RSDV.GD.ZS,0.296380013227463
Netherlands,NLD,Access to electricity (% of population),EG.ELC.ACCS.ZS,100
Netherlands,NLD,People using at least basic drinking water services (% of population),SH.H2O.BASW.ZS,100
Netherlands,NLD,Current health expenditure (% of GDP),SH.XPD.CHEX.GD.ZS,11.1359272
Netherlands,NLD,Research and development expenditure (% of GDP),GB.XPD.RSDV.GD.ZS,2.32182002067566
Russian Federation,RUS,Access to electricity (% of population),EG.ELC.ACCS.ZS,99.8977813720703
Russian Federation,RUS,People using at least basic drinking water services (% of population),SH.H2O.BASW.ZS,96.8807180454075
Russian Federation,RUS,Current health expenditure (% of GDP),SH.XPD.CHEX.GD.ZS,7.59624338
Russian Federation,RUS,Research and development expenditure (% of GDP),GB.XPD.RSDV.GD.ZS,1.09098994731903
Saudi Arabia,SAU,Access to electricity (% of population),EG.ELC.ACCS.ZS,99.99
Saudi Arabia,SAU,People using at least basic drinking water services (% of population),SH.H2O.BASW.ZS,98.6568008588509
Saudi Arabia,SAU,Current health expenditure (% of GDP),SH.XPD.CHEX.GD.ZS,..
Saudi Arabia,SAU,Research and development expenditure (% of GDP),GB.XPD.RSDV.GD.ZS,0.498019993305206
Spain,ESP,Access to electricity (% of population),EG.ELC.ACCS.ZS,100
Spain,ESP,People using at least basic drinking water services (% of population),SH.H2O.BASW.ZS,99.9256097637963
Spain,ESP,Current health expenditure (% of GDP),SH.XPD.CHEX.GD.ZS,10.71374989
Spain,ESP,Research and development expenditure (% of GDP),GB.XPD.RSDV.GD.ZS,1.41039001941681
Switzerland,CHE,Access to electricity (% of population),EG.ELC.ACCS.ZS,100
Switzerland,CHE,People using at least basic drinking water services (% of population),SH.H2O.BASW.ZS,99.9999976034203
Switzerland,CHE,Current health expenditure (% of GDP),SH.XPD.CHEX.GD.ZS,11.79635048
Switzerland,CHE,Research and development expenditure (% of GDP),GB.XPD.RSDV.GD.ZS,..
Turkiye,TUR,Access to electricity (% of population),EG.ELC.ACCS.ZS,100
Turkiye,TUR,People using at least basic drinking water services (% of population),SH.H2O.BASW.ZS,97.0142665969339
Turkiye,TUR,Current health expenditure (% of GDP),SH.XPD.CHEX.GD.ZS,4.61794329
Turkiye,TUR,Research and development expenditure (% of GDP),GB.XPD.RSDV.GD.ZS,1.36757004261017
United Kingdom,GBR,Access to electricity (% of population),EG.ELC.ACCS.ZS,100
United Kingdom,GBR,People using at least basic drinking water services (% of population),SH.H2O.BASW.ZS,100
United Kingdom,GBR,Current health expenditure (% of GDP),SH.XPD.CHEX.GD.ZS,11.97759342
United Kingdom,GBR,Research and development expenditure (% of GDP),GB.XPD.RSDV.GD.ZS,2.93144011497498
United States,USA,Access to electricity (% of population),EG.ELC.ACCS.ZS,100
United States,USA,People using at least basic drinking water services (% of population),SH.H2O.BASW.ZS,99.8204215151458
United States,USA,Current health expenditure (% of GDP),SH.XPD.CHEX.GD.ZS,18.81582642
United States,USA,Research and development expenditure (% of GDP),GB.XPD.RSDV.GD.ZS,3.46777009963989
Afghanistan,AFG,Access to electricity (% of population),EG.ELC.ACCS.ZS,97.7
Afghanistan,AFG,People using at least basic drinking water services (% of population),SH.H2O.BASW.ZS,76.72225540254
Afghanistan,AFG,Current health expenditure (% of GDP),SH.XPD.CHEX.GD.ZS,15.53361392
Afghanistan,AFG,Research and development expenditure (% of GDP),GB.XPD.RSDV.GD.ZS,..
Albania,ALB,Access to electricity (% of population),EG.ELC.ACCS.ZS,100
Albania,ALB,People using at least basic drinking water services (% of population),SH.H2O.BASW.ZS,95.0680388145809
Albania,ALB,Current health expenditure (% of GDP),SH.XPD.CHEX.GD.ZS,..
Albania,ALB,Research and development expenditure (% of GDP),GB.XPD.RSDV.GD.ZS,..
Algeria,DZA,Access to electricity (% of population),EG.ELC.ACCS.ZS,99.7187728881836
Algeria,DZA,People using at least basic drinking water services (% of population),SH.H2O.BASW.ZS,94.4373299704124
Algeria,DZA,Current health expenditure (% of GDP),SH.XPD.CHEX.GD.ZS,6.32117987
Algeria,DZA,Research and development expenditure (% of GDP),GB.XPD.RSDV.GD.ZS,..
American Samoa,ASM,Access to electricity (% of population),EG.ELC.ACCS.ZS,..
American Samoa,ASM,People using at least basic drinking water services (% of population),SH.H2O.BASW.ZS,99.2447518116509
American Samoa,ASM,Current health expenditure (% of GDP),SH.XPD.CHEX.GD.ZS,..
American Samoa,ASM,Research and development expenditure (% of GDP),GB.XPD.RSDV.GD.ZS,..
Andorra,AND,Access to electricity (% of population),EG.ELC.ACCS.ZS,100
Andorra,AND,People using at least basic drinking water services (% of population),SH.H2O.BASW.ZS,99.9999985271439
Andorra,AND,Current health expenditure (% of GDP),SH.XPD.CHEX.GD.ZS,9.05175877
Andorra,AND,Research and development expenditure (% of GDP),GB.XPD.RSDV.GD.ZS,..
Angola,AGO,Access to electricity (% of population),EG.ELC.ACCS.ZS,46.9554443359375
Angola,AGO,People using at least basic drinking water services (% of population),SH.H2O.BASW.ZS,57.1677379228367
Angola,AGO,Current health expenditure (% of GDP),SH.XPD.CHEX.GD.ZS,2.91183472
Angola,AGO,Research and development expenditure (% of GDP),GB.XPD.RSDV.GD.ZS,..
Antigua and Barbuda,ATG,Access to electricity (% of population),EG.ELC.ACCS.ZS,100
Antigua and Barbuda,ATG,People using at least basic drinking water services (% of population),SH.H2O.BASW.ZS,98.3649937785451
Antigua and Barbuda,ATG,Current health expenditure (% of GDP),SH.XPD.CHEX.GD.ZS,5.61472893
Antigua and Barbuda,ATG,Research and development expenditure (% of GDP),GB.XPD.RSDV.GD.ZS,..
Armenia,ARM,Access to electricity (% of population),EG.ELC.ACCS.ZS,100
Armenia,ARM,People using at least basic drinking water services (% of population),SH.H2O.BASW.ZS,99.9415163996124
Armenia,ARM,Current health expenditure (% of GDP),SH.XPD.CHEX.GD.ZS,12.24103546
Armenia,ARM,Research and development expenditure (% of GDP),GB.XPD.RSDV.GD.ZS,0.209199994802475
Aruba,ABW,Access to electricity (% of population),EG.ELC.ACCS.ZS,100
Aruba,ABW,People using at least basic drinking water services (% of population),SH.H2O.BASW.ZS,..
Aruba,ABW,Current health expenditure (% of GDP),SH.XPD.CHEX.GD.ZS,..
Aruba,ABW,Research and development expenditure (% of GDP),GB.XPD.RSDV.GD.ZS,..
Austria,AUT,Access to electricity (% of population),EG.ELC.ACCS.ZS,100
Austria,AUT,People using at least basic drinking water services (% of population),SH.H2O.BASW.ZS,100
Austria,AUT,Current health expenditure (% of GDP),SH.XPD.CHEX.GD.ZS,11.47426033
Austria,AUT,Research and development expenditure (% of GDP),GB.XPD.RSDV.GD.ZS,3.20148992538452
Azerbaijan,AZE,Access to electricity (% of population),EG.ELC.ACCS.ZS,100
Azerbaijan,AZE,People using at least basic drinking water services (% of population),SH.H2O.BASW.ZS,96.3620821780168
Azerbaijan,AZE,Current health expenditure (% of GDP),SH.XPD.CHEX.GD.ZS,4.60676527
Azerbaijan,AZE,Research and development expenditure (% of GDP),GB.XPD.RSDV.GD.ZS,0.223900005221367
"Bahamas, The",BHS,Access to electricity (% of population),EG.ELC.ACCS.ZS,100
"Bahamas, The",BHS,People using at least basic drinking water services (% of population),SH.H2O.BASW.ZS,..
"Bahamas, The",BHS,Current health expenditure (% of GDP),SH.XPD.CHEX.GD.ZS,7.59363365
"Bahamas, The",BHS,Research and development expenditure (% of GDP),GB.XPD.RSDV.GD.ZS,..
Bahrain,BHR,Access to electricity (% of population),EG.ELC.ACCS.ZS,100
Bahrain,BHR,People using at least basic drinking water services (% of population),SH.H2O.BASW.ZS,99.9198990209829
Bahrain,BHR,Current health expenditure (% of GDP),SH.XPD.CHEX.GD.ZS,4.72300106
Bahrain,BHR,Research and development expenditure (% of GDP),GB.XPD.RSDV.GD.ZS,..
Bangladesh,BGD,Access to electricity (% of population),EG.ELC.ACCS.ZS,96.2
Bangladesh,BGD,People using at least basic drinking water services (% of population),SH.H2O.BASW.ZS,97.945676020447
Bangladesh,BGD,Current health expenditure (% of GDP),SH.XPD.CHEX.GD.ZS,2.6280098
Bangladesh,BGD,Research and development expenditure (% of GDP),GB.XPD.RSDV.GD.ZS,..
Barbados,BRB,Access to electricity (% of population),EG.ELC.ACCS.ZS,100
Barbados,BRB,People using at least basic drinking water services (% of population),SH.H2O.BASW.ZS,98.5144504186196
Barbados,BRB,Current health expenditure (% of GDP),SH.XPD.CHEX.GD.ZS,7.20014429
Barbados,BRB,Research and development expenditure (% of GDP),GB.XPD.RSDV.GD.ZS,..
Belarus,BLR,Access to electricity (% of population),EG.ELC.ACCS.ZS,100
Belarus,BLR,People using at least basic drinking water services (% of population),SH.H2O.BASW.ZS,98.6515731688089
Belarus,BLR,Current health expenditure (% of GDP),SH.XPD.CHEX.GD.ZS,6.40607214
Belarus,BLR,Research and development expenditure (% of GDP),GB.XPD.RSDV.GD.ZS,0.539009988307953
Belgium,BEL,Access to electricity (% of population),EG.ELC.ACCS.ZS,100
Belgium,BEL,People using at least basic drinking water services (% of population),SH.H2O.BASW.ZS,99.9999962634716
Belgium,BEL,Current health expenditure (% of GDP),SH.XPD.CHEX.GD.ZS,11.06453228
Belgium,BEL,Research and development expenditure (% of GDP),GB.XPD.RSDV.GD.ZS,3.39697003364563
Belize,BLZ,Access to electricity (% of population),EG.ELC.ACCS.ZS,96.8076248168945
Belize,BLZ,People using at least basic drinking water services (% of population),SH.H2O.BASW.ZS,98.4019559329424
Belize,BLZ,Current health expenditure (% of GDP),SH.XPD.CHEX.GD.ZS,6.92425728
Belize,BLZ,Research and development expenditure (% of GDP),GB.XPD.RSDV.GD.ZS,..
Benin,BEN,Access to electricity (% of population),EG.ELC.ACCS.ZS,40.9859313964844
Benin,BEN,People using at least basic drinking water services (% of population),SH.H2O.BASW.ZS,66.8873289474628
Benin,BEN,Current health expenditure (% of GDP),SH.XPD.CHEX.GD.ZS,2.5893681
Benin,BEN,Research and development expenditure (% of GDP),GB.XPD.RSDV.GD.ZS,..
Bermuda,BMU,Access to electricity (% of population),EG.ELC.ACCS.ZS,100
Bermuda,BMU,People using at least basic drinking water services (% of population),SH.H2O.BASW.ZS,99.9031400170636
Bermuda,BMU,Current health expenditure (% of GDP),SH.XPD.CHEX.GD.ZS,..
Bermuda,BMU,Research and development expenditure (% of GDP),GB.XPD.RSDV.GD.ZS,0.22545999288559
Bhutan,BTN,Access to electricity (% of population),EG.ELC.ACCS.ZS,100
Bhutan,BTN,People using at least basic drinking water services (% of population),SH.H2O.BASW.ZS,98.9817176346163
Bhutan,BTN,Current health expenditure (% of GDP),SH.XPD.CHEX.GD.ZS,4.37174511
Bhutan,BTN,Research and development expenditure (% of GDP),GB.XPD.RSDV.GD.ZS,..
Bolivia,BOL,Access to electricity (% of population),EG.ELC.ACCS.ZS,97.2218170166016
Bolivia,BOL,People using at least basic drinking water services (% of population),SH.H2O.BASW.ZS,93.0874216875902
Bolivia,BOL,Current health expenditure (% of GDP),SH.XPD.CHEX.GD.ZS,7.857059
Bolivia,BOL,Research and development expenditure (% of GDP),GB.XPD.RSDV.GD.ZS,..
Bosnia and Herzegovina,BIH,Access to electricity (% of population),EG.ELC.ACCS.ZS,100
Bosnia and Herzegovina,BIH,People using at least basic drinking water services (% of population),SH.H2O.BASW.ZS,96.1138971196897
Bosnia and Herzegovina,BIH,Current health expenditure (% of GDP),SH.XPD.CHEX.GD.ZS,9.8411274
Bosnia and Herzegovina,BIH,Research and development expenditure (% of GDP),GB.XPD.RSDV.GD.ZS,0.203250005841255
Botswana,BWA,Access to electricity (% of population),EG.ELC.ACCS.ZS,71.8291244506836
Botswana,BWA,People using at least basic drinking water services (% of population),SH.H2O.BASW.ZS,92.3385777393314
Botswana,BWA,Current health expenditure (% of GDP),SH.XPD.CHEX.GD.ZS,6.18664551
Botswana,BWA,Research and development expenditure (% of GDP),GB.XPD.RSDV.GD.ZS,..
British Virgin Islands,VGB,Access to electricity (% of population),EG.ELC.ACCS.ZS,100
British Virgin Islands,VGB,People using at least basic drinking water services (% of population),SH.H2O.BASW.ZS,99.8643835616439
British Virgin Islands,VGB,Current health expenditure (% of GDP),SH.XPD.CHEX.GD.ZS,..
British Virgin Islands,VGB,Research and development expenditure (% of GDP),GB.XPD.RSDV.GD.ZS,..
Brunei Darussalam,BRN,Access to electricity (% of population),EG.ELC.ACCS.ZS,100
Brunei Darussalam,BRN,People using at least basic drinking water services (% of population),SH.H2O.BASW.ZS,99.9000472814433
Brunei Darussalam,BRN,Current health expenditure (% of GDP),SH.XPD.CHEX.GD.ZS,2.39377809
Brunei Darussalam,BRN,Research and development expenditure (% of GDP),GB.XPD.RSDV.GD.ZS,..
Bulgaria,BGR,Access to electricity (% of population),EG.ELC.ACCS.ZS,99.7
Bulgaria,BGR,People using at least basic drinking water services (% of population),SH.H2O.BASW.ZS,99.1167359557668
Bulgaria,BGR,Current health expenditure (% of GDP),SH.XPD.CHEX.GD.ZS,8.52063847
Bulgaria,BGR,Research and development expenditure (% of GDP),GB.XPD.RSDV.GD.ZS,0.849240005016327
Burkina Faso,BFA,Access to electricity (% of population),EG.ELC.ACCS.ZS,18.4672794342041
Burkina Faso,BFA,People using at least basic drinking water services (% of population),SH.H2O.BASW.ZS,48.5409861511794
Burkina Faso,BFA,Current health expenditure (% of GDP),SH.XPD.CHEX.GD.ZS,6.71932602
Burkina Faso,BFA,Research and development expenditure (% of GDP),GB.XPD.RSDV.GD.ZS,0.248239994049072
Burundi,BDI,Access to electricity (% of population),EG.ELC.ACCS.ZS,9.1
Burundi,BDI,People using at least basic drinking water services (% of population),SH.H2O.BASW.ZS,62.2071212739845
Burundi,BDI,Current health expenditure (% of GDP),SH.XPD.CHEX.GD.ZS,6.50141716
Burundi,BDI,Research and development expenditure (% of GDP),GB.XPD.RSDV.GD.ZS,..
Cabo Verde,CPV,Access to electricity (% of population),EG.ELC.ACCS.ZS,93.746955871582
Cabo Verde,CPV,People using at least basic drinking water services (% of population),SH.H2O.BASW.ZS,89.1775739362889
Cabo Verde,CPV,Current health expenditure (% of GDP),SH.XPD.CHEX.GD.ZS,6.01976061
Cabo Verde,CPV,Research and development expenditure (% of GDP),GB.XPD.RSDV.GD.ZS,..
Cambodia,KHM,Access to electricity (% of population),EG.ELC.ACCS.ZS,86.4
Cambodia,KHM,People using at least basic drinking water services (% of population),SH.H2O.BASW.ZS,76.2531074222297
Cambodia,KHM,Current health expenditure (% of GDP),SH.XPD.CHEX.GD.ZS,7.50527
Cambodia,KHM,Research and development expenditure (% of GDP),GB.XPD.RSDV.GD.ZS,..
Cameroon,CMR,Access to electricity (% of population),EG.ELC.ACCS.ZS,64.3118743896484
Cameroon,CMR,People using at least basic drinking water services (% of population),SH.H2O.BASW.ZS,68.4506973221862
Cameroon,CMR,Current health expenditure (% of GDP),SH.XPD.CHEX.GD.ZS,3.76582599
Cameroon,CMR,Research and development expenditure (% of GDP),GB.XPD.RSDV.GD.ZS,..
Canada,CAN,Access to electricity (% of population),EG.ELC.ACCS.ZS,100
Canada,CAN,People using at least basic drinking water services (% of population),SH.H2O.BASW.ZS,99.221809586814
Canada,CAN,Current health expenditure (% of GDP),SH.XPD.CHEX.GD.ZS,12.93967533
Canada,CAN,Research and development expenditure (% of GDP),GB.XPD.RSDV.GD.ZS,1.89484000205994
Cayman Islands,CYM,Access to electricity (% of population),EG.ELC.ACCS.ZS,100
Cayman Islands,CYM,People using at least basic drinking water services (% of population),SH.H2O.BASW.ZS,95.5733128834356
Cayman Islands,CYM,Current health expenditure (% of GDP),SH.XPD.CHEX.GD.ZS,..
Cayman Islands,CYM,Research and development expenditure (% of GDP),GB.XPD.RSDV.GD.ZS,..
Central African Republic,CAF,Access to electricity (% of population),EG.ELC.ACCS.ZS,15.4057130813599
Central African Republic,CAF,People using at least basic drinking water services (% of population),SH.H2O.BASW.ZS,37.2024025511537
Central African Republic,CAF,Current health expenditure (% of GDP),SH.XPD.CHEX.GD.ZS,9.40206814
Central African Republic,CAF,Research and development expenditure (% of GDP),GB.XPD.RSDV.GD.ZS,..
Chad,TCD,Access to electricity (% of population),EG.ELC.ACCS.ZS,10.8656768798828
Chad,TCD,People using at least basic drinking water services (% of population),SH.H2O.BASW.ZS,51.1953778058648
Chad,TCD,Current health expenditure (% of GDP),SH.XPD.CHEX.GD.ZS,5.40748835
Chad,TCD,Research and development expenditure (% of GDP),GB.XPD.RSDV.GD.ZS,..
Channel Islands,CHI,Access to electricity (% of population),EG.ELC.ACCS.ZS,100
Channel Islands,CHI,People using at least basic drinking water services (% of population),SH.H2O.BASW.ZS,..
Channel Islands,CHI,Current health expenditure (% of GDP),SH.XPD.CHEX.GD.ZS,..
Channel Islands,CHI,Research and development expenditure (% of GDP),GB.XPD.RSDV.GD.ZS,..
Chile,CHL,Access to electricity (% of population),EG.ELC.ACCS.ZS,100
Chile,CHL,People using at least basic drinking water services (% of population),SH.H2O.BASW.ZS,100
Chile,CHL,Current health expenditure (% of GDP),SH.XPD.CHEX.GD.ZS,9.75300503
Chile,CHL,Research and development expenditure (% of GDP),GB.XPD.RSDV.GD.ZS,0.334960013628006
Colombia,COL,Access to electricity (% of population),EG.ELC.ACCS.ZS,99.7217559814453
Colombia,COL,People using at least basic drinking water services (% of population),SH.H2O.BASW.ZS,97.0410236613368
Colombia,COL,Current health expenditure (% of GDP),SH.XPD.CHEX.GD.ZS,8.99294186
Colombia,COL,Research and development expenditure (% of GDP),GB.XPD.RSDV.GD.ZS,0.289609998464584
Comoros,COM,Access to electricity (% of population),EG.ELC.ACCS.ZS,85.6353454589844
Comoros,COM,People using at least basic drinking water services (% of population),SH.H2O.BASW.ZS,..
Comoros,COM,Current health expenditure (% of GDP),SH.XPD.CHEX.GD.ZS,5.34622765
Comoros,COM,Research and development expenditure (% of GDP),GB.XPD.RSDV.GD.ZS,..
"Congo, Dem. Rep.",COD,Access to electricity (% of population),EG.ELC.ACCS.ZS,20.0737800598145
"Congo, Dem. Rep.",COD,People using at least basic drinking water services (% of population),SH.H2O.BASW.ZS,35.5002372686537
"Congo, Dem. Rep.",COD,Current health expenditure (% of GDP),SH.XPD.CHEX.GD.ZS,4.05092573
"Congo, Dem. Rep.",COD,Research and development expenditure (% of GDP),GB.XPD.RSDV.GD.ZS,..
"Congo, Rep.",COG,Access to electricity (% of population),EG.ELC.ACCS.ZS,48.6791305541992
"Congo, Rep.",COG,People using at least basic drinking water services (% of population),SH.H2O.BASW.ZS,73.7845109785203
"Congo, Rep.",COG,Current health expenditure (% of GDP),SH.XPD.CHEX.GD.ZS,4.46762228
"Congo, Rep.",COG,Research and development expenditure (% of GDP),GB.XPD.RSDV.GD.ZS,..
Costa Rica,CRI,Access to electricity (% of population),EG.ELC.ACCS.ZS,99.9
Costa Rica,CRI,People using at least basic drinking water services (% of population),SH.H2O.BASW.ZS,99.8105365712776
Costa Rica,CRI,Current health expenditure (% of GDP),SH.XPD.CHEX.GD.ZS,7.855371
Costa Rica,CRI,Research and development expenditure (% of GDP),GB.XPD.RSDV.GD.ZS,0.330020010471344
Cote d'Ivoire,CIV,Access to electricity (% of population),EG.ELC.ACCS.ZS,69.8783264160156
Cote d'Ivoire,CIV,People using at least basic drinking water services (% of population),SH.H2O.BASW.ZS,72.6253447367345
Cote d'Ivoire,CIV,Current health expenditure (% of GDP),SH.XPD.CHEX.GD.ZS,3.72245775
Cote d'Ivoire,CIV,Research and development expenditure (% of GDP),GB.XPD.RSDV.GD.ZS,..
Croatia,HRV,Access to electricity (% of population),EG.ELC.ACCS.ZS,100
Croatia,HRV,People using at least basic drinking water services (% of population),SH.H2O.BASW.ZS,..
Croatia,HRV,Current health expenditure (% of GDP),SH.XPD.CHEX.GD.ZS,7.76502275
Croatia,HRV,Research and development expenditure (% of GDP),GB.XPD.RSDV.GD.ZS,1.24260997772217
Cuba,CUB,Access to electricity (% of population),EG.ELC.ACCS.ZS,99.9326400756836
Cuba,CUB,People using at least basic drinking water services (% of population),SH.H2O.BASW.ZS,94.2662790670481
Cuba,CUB,Current health expenditure (% of GDP),SH.XPD.CHEX.GD.ZS,12.48644733
Cuba,CUB,Research and development expenditure (% of GDP),GB.XPD.RSDV.GD.ZS,0.518379986286163
Curacao,CUW,Access to electricity (% of population),EG.ELC.ACCS.ZS,100
Curacao,CUW,People using at least basic drinking water services (% of population),SH.H2O.BASW.ZS,..
Curacao,CUW,Current health expenditure (% of GDP),SH.XPD.CHEX.GD.ZS,..
Curacao,CUW,Research and development expenditure (% of GDP),GB.XPD.RSDV.GD.ZS,..
Cyprus,CYP,Access to electricity (% of population),EG.ELC.ACCS.ZS,100
Cyprus,CYP,People using at least basic drinking water services (% of population),SH.H2O.BASW.ZS,99.7651721581168
Cyprus,CYP,Current health expenditure (% of GDP),SH.XPD.CHEX.GD.ZS,8.0934782
Cyprus,CYP,Research and development expenditure (% of GDP),GB.XPD.RSDV.GD.ZS,0.843869984149933
Czechia,CZE,Access to electricity (% of population),EG.ELC.ACCS.ZS,100
Czechia,CZE,People using at least basic drinking water services (% of population),SH.H2O.BASW.ZS,99.8805882608907
Czechia,CZE,Current health expenditure (% of GDP),SH.XPD.CHEX.GD.ZS,9.24007225
Czechia,CZE,Research and development expenditure (% of GDP),GB.XPD.RSDV.GD.ZS,1.98599004745483
Denmark,DNK,Access to electricity (% of population),EG.ELC.ACCS.ZS,100
Denmark,DNK,People using at least basic drinking water services (% of population),SH.H2O.BASW.ZS,99.9999967060358
Denmark,DNK,Current health expenditure (% of GDP),SH.XPD.CHEX.GD.ZS,10.52817535
Denmark,DNK,Research and development expenditure (% of GDP),GB.XPD.RSDV.GD.ZS,2.96872997283936
Djibouti,DJI,Access to electricity (% of population),EG.ELC.ACCS.ZS,64.5011520385742
Djibouti,DJI,People using at least basic drinking water services (% of population),SH.H2O.BASW.ZS,76.0499221845238
Djibouti,DJI,Current health expenditure (% of GDP),SH.XPD.CHEX.GD.ZS,2.00786304
Djibouti,DJI,Research and development expenditure (% of GDP),GB.XPD.RSDV.GD.ZS,..
Dominica,DMA,Access to electricity (% of population),EG.ELC.ACCS.ZS,99.9972152709961
Dominica,DMA,People using at least basic drinking water services (% of population),SH.H2O.BASW.ZS,..
Dominica,DMA,Current health expenditure (% of GDP),SH.XPD.CHEX.GD.ZS,5.64582825
Dominica,DMA,Research and development expenditure (% of GDP),GB.XPD.RSDV.GD.ZS,..
Dominican Republic,DOM,Access to electricity (% of population),EG.ELC.ACCS.ZS,100
Dominican Republic,DOM,People using at least basic drinking water services (% of population),SH.H2O.BASW.ZS,96.3065793359028
Dominican Republic,DOM,Current health expenditure (% of GDP),SH.XPD.CHEX.GD.ZS,4.94000483
Dominican Republic,DOM,Research and development expenditure (% of GDP),GB.XPD.RSDV.GD.ZS,..
Ecuador,ECU,Access to electricity (% of population),EG.ELC.ACCS.ZS,98.85
Ecuador,ECU,People using at least basic drinking water services (% of population),SH.H2O.BASW.ZS,95.3597647097715
Ecuador,ECU,Current health expenditure (% of GDP),SH.XPD.CHEX.GD.ZS,8.47677135
Ecuador,ECU,Research and development expenditure (% of GDP),GB.XPD.RSDV.GD.ZS,..
"Egypt, Arab Rep.",EGY,Access to electricity (% of population),EG.ELC.ACCS.ZS,100
"Egypt, Arab Rep.",EGY,People using at least basic drinking water services (% of population),SH.H2O.BASW.ZS,98.7671898041778
"Egypt, Arab Rep.",EGY,Current health expenditure (% of GDP),SH.XPD.CHEX.GD.ZS,4.36497974
"Egypt, Arab Rep.",EGY,Research and development expenditure (% of GDP),GB.XPD.RSDV.GD.ZS,0.915639996528625
El Salvador,SLV,Access to electricity (% of population),EG.ELC.ACCS.ZS,99.722541809082
El Salvador,SLV,People using at least basic drinking water services (% of population),SH.H2O.BASW.ZS,98.0305089627303
El Salvador,SLV,Current health expenditure (% of GDP),SH.XPD.CHEX.GD.ZS,9.85177708
El Salvador,SLV,Research and development expenditure (% of GDP),GB.XPD.RSDV.GD.ZS,0.162860006093979
Equatorial Guinea,GNQ,Access to electricity (% of population),EG.ELC.ACCS.ZS,66.6791915893555
Equatorial Guinea,GNQ,People using at least basic drinking water services (% of population),SH.H2O.BASW.ZS,..
Equatorial Guinea,GNQ,Current health expenditure (% of GDP),SH.XPD.CHEX.GD.ZS,3.7683413
Equatorial Guinea,GNQ,Research and development expenditure (% of GDP),GB.XPD.RSDV.GD.ZS,..
Eritrea,ERI,Access to electricity (% of population),EG.ELC.ACCS.ZS,51.3922996520996
Eritrea,ERI,People using at least basic drinking water services (% of population),SH.H2O.BASW.ZS,..
Eritrea,ERI,Current health expenditure (% of GDP),SH.XPD.CHEX.GD.ZS,4.09359646
Eritrea,ERI,Research and development expenditure (% of GDP),GB.XPD.RSDV.GD.ZS,..
Estonia,EST,Access to electricity (% of population),EG.ELC.ACCS.ZS,100
Estonia,EST,People using at least basic drinking water services (% of population),SH.H2O.BASW.ZS,99.9999977228497
Estonia,EST,Current health expenditure (% of GDP),SH.XPD.CHEX.GD.ZS,7.75206661
Estonia,EST,Research and development expenditure (% of GDP),GB.XPD.RSDV.GD.ZS,1.75092005729675
Eswatini,SWZ,Access to electricity (% of population),EG.ELC.ACCS.ZS,79.9933624267578
Eswatini,SWZ,People using at least basic drinking water services (% of population),SH.H2O.BASW.ZS,71.4406737893323
Eswatini,SWZ,Current health expenditure (% of GDP),SH.XPD.CHEX.GD.ZS,6.51153374
Eswatini,SWZ,Research and development expenditure (% of GDP),GB.XPD.RSDV.GD.ZS,..
Ethiopia,ETH,Access to electricity (% of population),EG.ELC.ACCS.ZS,51.1445960998535
Ethiopia,ETH,People using at least basic drinking water services (% of population),SH.H2O.BASW.ZS,48.6553476821695
Ethiopia,ETH,Current health expenditure (% of GDP),SH.XPD.CHEX.GD.ZS,3.48096275
Ethiopia,ETH,Research and development expenditure (% of GDP),GB.XPD.RSDV.GD.ZS,..
Faroe Islands,FRO,Access to electricity (% of population),EG.ELC.ACCS.ZS,100
Faroe Islands,FRO,People using at least basic drinking water services (% of population),SH.H2O.BASW.ZS,100
Faroe Islands,FRO,Current health expenditure (% of GDP),SH.XPD.CHEX.GD.ZS,..
Faroe Islands,FRO,Research and development expenditure (% of GDP),GB.XPD.RSDV.GD.ZS,..
Fiji,FJI,Access to electricity (% of population),EG.ELC.ACCS.ZS,97.1266403198242
Fiji,FJI,People using at least basic drinking water services (% of population),SH.H2O.BASW.ZS,95.418355401602
Fiji,FJI,Current health expenditure (% of GDP),SH.XPD.CHEX.GD.ZS,3.74984646
Fiji,FJI,Research and development expenditure (% of GDP),GB.XPD.RSDV.GD.ZS,..
Finland,FIN,Access to electricity (% of population),EG.ELC.ACCS.ZS,100
Finland,FIN,People using at least basic drinking water services (% of population),SH.H2O.BASW.ZS,100
Finland,FIN,Current health expenditure (% of GDP),SH.XPD.CHEX.GD.ZS,9.61349583
Finland,FIN,Research and development expenditure (% of GDP),GB.XPD.RSDV.GD.ZS,2.91243004798889
French Polynesia,PYF,Access to electricity (% of population),EG.ELC.ACCS.ZS,100
French Polynesia,PYF,People using at least basic drinking water services (% of population),SH.H2O.BASW.ZS,100
French Polynesia,PYF,Current health expenditure (% of GDP),SH.XPD.CHEX.GD.ZS,..
French Polynesia,PYF,Research and development expenditure (% of GDP),GB.XPD.RSDV.GD.ZS,..
Gabon,GAB,Access to electricity (% of population),EG.ELC.ACCS.ZS,91.0628433227539
Gabon,GAB,People using at least basic drinking water services (% of population),SH.H2O.BASW.ZS,86.3106054147686
Gabon,GAB,Current health expenditure (% of GDP),SH.XPD.CHEX.GD.ZS,3.42724609
Gabon,GAB,Research and development expenditure (% of GDP),GB.XPD.RSDV.GD.ZS,..
"Gambia, The",GMB,Access to electricity (% of population),EG.ELC.ACCS.ZS,62.234001159668
"Gambia, The",GMB,People using at least basic drinking water services (% of population),SH.H2O.BASW.ZS,84.4849824727792
"Gambia, The",GMB,Current health expenditure (% of GDP),SH.XPD.CHEX.GD.ZS,2.6129365
"Gambia, The",GMB,Research and development expenditure (% of GDP),GB.XPD.RSDV.GD.ZS,..
Georgia,GEO,Access to electricity (% of population),EG.ELC.ACCS.ZS,100
Georgia,GEO,People using at least basic drinking water services (% of population),SH.H2O.BASW.ZS,94.672099902079
Georgia,GEO,Current health expenditure (% of GDP),SH.XPD.CHEX.GD.ZS,7.6048708
Georgia,GEO,Research and development expenditure (% of GDP),GB.XPD.RSDV.GD.ZS,0.300799995660782
Ghana,GHA,Access to electricity (% of population),EG.ELC.ACCS.ZS,85.4405670166016
Ghana,GHA,People using at least basic drinking water services (% of population),SH.H2O.BASW.ZS,86.3168084779609
Ghana,GHA,Current health expenditure (% of GDP),SH.XPD.CHEX.GD.ZS,3.99029994
Ghana,GHA,Research and development expenditure (% of GDP),GB.XPD.RSDV.GD.ZS,..
Gibraltar,GIB,Access to electricity (% of population),EG.ELC.ACCS.ZS,100
Gibraltar,GIB,People using at least basic drinking water services (% of population),SH.H2O.BASW.ZS,100
Gibraltar,GIB,Current health expenditure (% of GDP),SH.XPD.CHEX.GD.ZS,..
Gibraltar,GIB,Research and development expenditure (% of GDP),GB.XPD.RSDV.GD.ZS,..
Greece,GRC,Access to electricity (% of population),EG.ELC.ACCS.ZS,100
Greece,GRC,People using at least basic drinking water services (% of population),SH.H2O.BASW.ZS,100
Greece,GRC,Current health expenditure (% of GDP),SH.XPD.CHEX.GD.ZS,9.50820732
Greece,GRC,Research and development expenditure (% of GDP),GB.XPD.RSDV.GD.ZS,1.5079300403595
Greenland,GRL,Access to electricity (% of population),EG.ELC.ACCS.ZS,100
Greenland,GRL,People using at least basic drinking water services (% of population),SH.H2O.BASW.ZS,100
Greenland,GRL,Current health expenditure (% of GDP),SH.XPD.CHEX.GD.ZS,..
Greenland,GRL,Research and development expenditure (% of GDP),GB.XPD.RSDV.GD.ZS,..
Grenada,GRD,Access to electricity (% of population),EG.ELC.ACCS.ZS,93.3555679321289
Grenada,GRD,People using at least basic drinking water services (% of population),SH.H2O.BASW.ZS,..
Grenada,GRD,Current health expenditure (% of GDP),SH.XPD.CHEX.GD.ZS,5.82064009
Grenada,GRD,Research and development expenditure (% of GDP),GB.XPD.RSDV.GD.ZS,..
Guam,GUM,Access to electricity (% of population),EG.ELC.ACCS.ZS,100
Guam,GUM,People using at least basic drinking water services (% of population),SH.H2O.BASW.ZS,99.6952
Guam,GUM,Current health expenditure (% of GDP),SH.XPD.CHEX.GD.ZS,..
Guam,GUM,Research and development expenditure (% of GDP),GB.XPD.RSDV.GD.ZS,..
Guatemala,GTM,Access to electricity (% of population),EG.ELC.ACCS.ZS,96.6474685668945
Guatemala,GTM,People using at least basic drinking water services (% of population),SH.H2O.BASW.ZS,93.880093537322
Guatemala,GTM,Current health expenditure (% of GDP),SH.XPD.CHEX.GD.ZS,6.46871376
Guatemala,GTM,Research and development expenditure (% of GDP),GB.XPD.RSDV.GD.ZS,0.0488799996674061
Guinea,GIN,Access to electricity (% of population),EG.ELC.ACCS.ZS,44.7454223632813
Guinea,GIN,People using at least basic drinking water services (% of population),SH.H2O.BASW.ZS,68.9206309644388
Guinea,GIN,Current health expenditure (% of GDP),SH.XPD.CHEX.GD.ZS,4.0445075
Guinea,GIN,Research and development expenditure (% of GDP),GB.XPD.RSDV.GD.ZS,..
Guinea-Bissau,GNB,Access to electricity (% of population),EG.ELC.ACCS.ZS,33.3744735717773
Guinea-Bissau,GNB,People using at least basic drinking water services (% of population),SH.H2O.BASW.ZS,61.5396569932828
Guinea-Bissau,GNB,Current health expenditure (% of GDP),SH.XPD.CHEX.GD.ZS,8.40978622
Guinea-Bissau,GNB,Research and development expenditure (% of GDP),GB.XPD.RSDV.GD.ZS,..
Guyana,GUY,Access to electricity (% of population),EG.ELC.ACCS.ZS,92.2989349365234
Guyana,GUY,People using at least basic drinking water services (% of population),SH.H2O.BASW.ZS,95.2768850219634
Guyana,GUY,Current health expenditure (% of GDP),SH.XPD.CHEX.GD.ZS,5.50864172
Guyana,GUY,Research and development expenditure (% of GDP),GB.XPD.RSDV.GD.ZS,..
Haiti,HTI,Access to electricity (% of population),EG.ELC.ACCS.ZS,46.3365135192871
Haiti,HTI,People using at least basic drinking water services (% of population),SH.H2O.BASW.ZS,66.6953102748929
Haiti,HTI,Current health expenditure (% of GDP),SH.XPD.CHEX.GD.ZS,3.22171094
Haiti,HTI,Research and development expenditure (% of GDP),GB.XPD.RSDV.GD.ZS,..
Honduras,HND,Access to electricity (% of population),EG.ELC.ACCS.ZS,93.0876998901367
Honduras,HND,People using at least basic drinking water services (% of population),SH.H2O.BASW.ZS,95.0204478168117
Honduras,HND,Current health expenditure (% of GDP),SH.XPD.CHEX.GD.ZS,9.03509808
Honduras,HND,Research and development expenditure (% of GDP),GB.XPD.RSDV.GD.ZS,..
"Hong Kong SAR, China",HKG,Access to electricity (% of population),EG.ELC.ACCS.ZS,100
"Hong Kong SAR, China",HKG,People using at least basic drinking water services (% of population),SH.H2O.BASW.ZS,100
"Hong Kong SAR, China",HKG,Current health expenditure (% of GDP),SH.XPD.CHEX.GD.ZS,..
"Hong Kong SAR, China",HKG,Research and development expenditure (% of GDP),GB.XPD.RSDV.GD.ZS,0.99235999584198
Hungary,HUN,Access to electricity (% of population),EG.ELC.ACCS.ZS,100
Hungary,HUN,People using at least basic drinking water services (% of population),SH.H2O.BASW.ZS,99.9999999799691
Hungary,HUN,Current health expenditure (% of GDP),SH.XPD.CHEX.GD.ZS,7.25031424
Hungary,HUN,Research and development expenditure (% of GDP),GB.XPD.RSDV.GD.ZS,1.59315001964569
Iceland,ISL,Access to electricity (% of population),EG.ELC.ACCS.ZS,100
Iceland,ISL,People using at least basic drinking water services (% of population),SH.H2O.BASW.ZS,100
Iceland,ISL,Current health expenditure (% of GDP),SH.XPD.CHEX.GD.ZS,9.55796337
Iceland,ISL,Research and development expenditure (% of GDP),GB.XPD.RSDV.GD.ZS,2.49068999290466
"Iran, Islamic Rep.",IRN,Access to electricity (% of population),EG.ELC.ACCS.ZS,100
"Iran, Islamic Rep.",IRN,People using at least basic drinking water services (% of population),SH.H2O.BASW.ZS,97.4494755938991
"Iran, Islamic Rep.",IRN,Current health expenditure (% of GDP),SH.XPD.CHEX.GD.ZS,5.33579969
"Iran, Islamic Rep.",IRN,Research and development expenditure (% of GDP),GB.XPD.RSDV.GD.ZS,..
Iraq,IRQ,Access to electricity (% of population),EG.ELC.ACCS.ZS,100
Iraq,IRQ,People using at least basic drinking water services (% of population),SH.H2O.BASW.ZS,98.3599065549598
Iraq,IRQ,Current health expenditure (% of GDP),SH.XPD.CHEX.GD.ZS,5.08489752
Iraq,IRQ,Research and development expenditure (% of GDP),GB.XPD.RSDV.GD.ZS,0.0405299998819828
Ireland,IRL,Access to electricity (% of population),EG.ELC.ACCS.ZS,100
Ireland,IRL,People using at least basic drinking water services (% of population),SH.H2O.BASW.ZS,96.0000577460047
Ireland,IRL,Current health expenditure (% of GDP),SH.XPD.CHEX.GD.ZS,7.10143661
Ireland,IRL,Research and development expenditure (% of GDP),GB.XPD.RSDV.GD.ZS,1.2325199842453
Isle of Man,IMN,Access to electricity (% of population),EG.ELC.ACCS.ZS,100
Isle of Man,IMN,People using at least basic drinking water services (% of population),SH.H2O.BASW.ZS,99.6110080645161
Isle of Man,IMN,Current health expenditure (% of GDP),SH.XPD.CHEX.GD.ZS,..
Isle of Man,IMN,Research and development expenditure (% of GDP),GB.XPD.RSDV.GD.ZS,..
Israel,ISR,Access to electricity (% of population),EG.ELC.ACCS.ZS,100
Israel,ISR,People using at least basic drinking water services (% of population),SH.H2O.BASW.ZS,100
Israel,ISR,Current health expenditure (% of GDP),SH.XPD.CHEX.GD.ZS,8.31950188
Israel,ISR,Research and development expenditure (% of GDP),GB.XPD.RSDV.GD.ZS,5.70555019378662
Jamaica,JAM,Access to electricity (% of population),EG.ELC.ACCS.ZS,99.709358215332
Jamaica,JAM,People using at least basic drinking water services (% of population),SH.H2O.BASW.ZS,91.0299453618372
Jamaica,JAM,Current health expenditure (% of GDP),SH.XPD.CHEX.GD.ZS,6.61175442
Jamaica,JAM,Research and development expenditure (% of GDP),GB.XPD.RSDV.GD.ZS,..
Jordan,JOR,Access to electricity (% of population),EG.ELC.ACCS.ZS,99.9
Jordan,JOR,People using at least basic drinking water services (% of population),SH.H2O.BASW.ZS,98.9605142327008
Jordan,JOR,Current health expenditure (% of GDP),SH.XPD.CHEX.GD.ZS,7.4691391
Jordan,JOR,Research and development expenditure (% of GDP),GB.XPD.RSDV.GD.ZS,..
Kazakhstan,KAZ,Access to electricity (% of population),EG.ELC.ACCS.ZS,100
Kazakhstan,KAZ,People using at least basic drinking water services (% of population),SH.H2O.BASW.ZS,95.434966101715
Kazakhstan,KAZ,Current health expenditure (% of GDP),SH.XPD.CHEX.GD.ZS,3.78894091
Kazakhstan,KAZ,Research and development expenditure (% of GDP),GB.XPD.RSDV.GD.ZS,0.12601999938488
Kenya,KEN,Access to electricity (% of population),EG.ELC.ACCS.ZS,71.4927139282227
Kenya,KEN,People using at least basic drinking water services (% of population),SH.H2O.BASW.ZS,61.5318675559739
Kenya,KEN,Current health expenditure (% of GDP),SH.XPD.CHEX.GD.ZS,4.29190731
Kenya,KEN,Research and development expenditure (% of GDP),GB.XPD.RSDV.GD.ZS,..
Kiribati,KIR,Access to electricity (% of population),EG.ELC.ACCS.ZS,91.0447616577148
Kiribati,KIR,People using at least basic drinking water services (% of population),SH.H2O.BASW.ZS,74.3094772830817
Kiribati,KIR,Current health expenditure (% of GDP),SH.XPD.CHEX.GD.ZS,11.64184189
Kiribati,KIR,Research and development expenditure (% of GDP),GB.XPD.RSDV.GD.ZS,..
"Korea, Dem. People's Rep.",PRK,Access to electricity (% of population),EG.ELC.ACCS.ZS,50.5202941894531
"Korea, Dem. People's Rep.",PRK,People using at least basic drinking water services (% of population),SH.H2O.BASW.ZS,93.8438458039225
"Korea, Dem. People's Rep.",PRK,Current health expenditure (% of GDP),SH.XPD.CHEX.GD.ZS,..
"Korea, Dem. People's Rep.",PRK,Research and development expenditure (% of GDP),GB.XPD.RSDV.GD.ZS,..
Kosovo,XKX,Access to electricity (% of population),EG.ELC.ACCS.ZS,..
Kosovo,XKX,People using at least basic drinking water services (% of population),SH.H2O.BASW.ZS,..
Kosovo,XKX,Current health expenditure (% of GDP),SH.XPD.CHEX.GD.ZS,..
Kosovo,XKX,Research and development expenditure (% of GDP),GB.XPD.RSDV.GD.ZS,..
Kuwait,KWT,Access to electricity (% of population),EG.ELC.ACCS.ZS,100
Kuwait,KWT,People using at least basic drinking water services (% of population),SH.H2O.BASW.ZS,100
Kuwait,KWT,Current health expenditure (% of GDP),SH.XPD.CHEX.GD.ZS,6.30743313
Kuwait,KWT,Research and development expenditure (% of GDP),GB.XPD.RSDV.GD.ZS,0.186609998345375
Kyrgyz Republic,KGZ,Access to electricity (% of population),EG.ELC.ACCS.ZS,99.865119934082
Kyrgyz Republic,KGZ,People using at least basic drinking water services (% of population),SH.H2O.BASW.ZS,90.7146537383369
Kyrgyz Republic,KGZ,Current health expenditure (% of GDP),SH.XPD.CHEX.GD.ZS,5.25933695
Kyrgyz Republic,KGZ,Research and development expenditure (% of GDP),GB.XPD.RSDV.GD.ZS,0.088809996843338
Lao PDR,LAO,Access to electricity (% of population),EG.ELC.ACCS.ZS,99.3113632202148
Lao PDR,LAO,People using at least basic drinking water services (% of population),SH.H2O.BASW.ZS,85.2197393366705
Lao PDR,LAO,Current health expenditure (% of GDP),SH.XPD.CHEX.GD.ZS,2.6947608
Lao PDR,LAO,Research and development expenditure (% of GDP),GB.XPD.RSDV.GD.ZS,..
Latvia,LVA,Access to electricity (% of population),EG.ELC.ACCS.ZS,100
Latvia,LVA,People using at least basic drinking water services (% of population),SH.H2O.BASW.ZS,98.7902639963924
Latvia,LVA,Current health expenditure (% of GDP),SH.XPD.CHEX.GD.ZS,7.44663048
Latvia,LVA,Research and development expenditure (% of GDP),GB.XPD.RSDV.GD.ZS,0.729910016059875
Lebanon,LBN,Access to electricity (% of population),EG.ELC.ACCS.ZS,99.9830703735352
Lebanon,LBN,People using at least basic drinking water services (% of population),SH.H2O.BASW.ZS,92.6
Lebanon,LBN,Current health expenditure (% of GDP),SH.XPD.CHEX.GD.ZS,7.95365763
Lebanon,LBN,Research and development expenditure (% of GDP),GB.XPD.RSDV.GD.ZS,..
Lesotho,LSO,Access to electricity (% of population),EG.ELC.ACCS.ZS,47.497013092041
Lesotho,LSO,People using at least basic drinking water services (% of population),SH.H2O.BASW.ZS,73.2889187141576
Lesotho,LSO,Current health expenditure (% of GDP),SH.XPD.CHEX.GD.ZS,11.78428555
Lesotho,LSO,Research and development expenditure (% of GDP),GB.XPD.RSDV.GD.ZS,..
Liberia,LBR,Access to electricity (% of population),EG.ELC.ACCS.ZS,27.5597496032715
Liberia,LBR,People using at least basic drinking water services (% of population),SH.H2O.BASW.ZS,74.6521483206642
Liberia,LBR,Current health expenditure (% of GDP),SH.XPD.CHEX.GD.ZS,9.49941349
Liberia,LBR,Research and development expenditure (% of GDP),GB.XPD.RSDV.GD.ZS,..
Libya,LBY,Access to electricity (% of population),EG.ELC.ACCS.ZS,69.3682632446289
Libya,LBY,People using at least basic drinking water services (% of population),SH.H2O.BASW.ZS,99.8915237987819
Libya,LBY,Current health expenditure (% of GDP),SH.XPD.CHEX.GD.ZS,..
Libya,LBY,Research and development expenditure (% of GDP),GB.XPD.RSDV.GD.ZS,..
Liechtenstein,LIE,Access to electricity (% of population),EG.ELC.ACCS.ZS,100
Liechtenstein,LIE,People using at least basic drinking water services (% of population),SH.H2O.BASW.ZS,100
Liechtenstein,LIE,Current health expenditure (% of GDP),SH.XPD.CHEX.GD.ZS,..
Liechtenstein,LIE,Research and development expenditure (% of GDP),GB.XPD.RSDV.GD.ZS,..
Lithuania,LTU,Access to electricity (% of population),EG.ELC.ACCS.ZS,100
Lithuania,LTU,People using at least basic drinking water services (% of population),SH.H2O.BASW.ZS,98.0133504964109
Lithuania,LTU,Current health expenditure (% of GDP),SH.XPD.CHEX.GD.ZS,7.53844357
Lithuania,LTU,Research and development expenditure (% of GDP),GB.XPD.RSDV.GD.ZS,1.13361001014709
Luxembourg,LUX,Access to electricity (% of population),EG.ELC.ACCS.ZS,100
Luxembourg,LUX,People using at least basic drinking water services (% of population),SH.H2O.BASW.ZS,99.8799371174608
Luxembourg,LUX,Current health expenditure (% of GDP),SH.XPD.CHEX.GD.ZS,5.76745605
Luxembourg,LUX,Research and development expenditure (% of GDP),GB.XPD.RSDV.GD.ZS,1.09150004386902
"Macao SAR, China",MAC,Access to electricity (% of population),EG.ELC.ACCS.ZS,100
"Macao SAR, China",MAC,People using at least basic drinking water services (% of population),SH.H2O.BASW.ZS,100
"Macao SAR, China",MAC,Current health expenditure (% of GDP),SH.XPD.CHEX.GD.ZS,..
"Macao SAR, China",MAC,Research and development expenditure (% of GDP),GB.XPD.RSDV.GD.ZS,0.451200008392334
Madagascar,MDG,Access to electricity (% of population),EG.ELC.ACCS.ZS,32
Madagascar,MDG,People using at least basic drinking water services (% of population),SH.H2O.BASW.ZS,51.9400233315503
Madagascar,MDG,Current health expenditure (% of GDP),SH.XPD.CHEX.GD.ZS,3.87958431
Madagascar,MDG,Research and development expenditure (% of GDP),GB.XPD.RSDV.GD.ZS,..
Malawi,MWI,Access to electricity (% of population),EG.ELC.ACCS.ZS,11.5
Malawi,MWI,People using at least basic drinking water services (% of population),SH.H2O.BASW.ZS,70.2704690844752
Malawi,MWI,Current health expenditure (% of GDP),SH.XPD.CHEX.GD.ZS,5.43400049
Malawi,MWI,Research and development expenditure (% of GDP),GB.XPD.RSDV.GD.ZS,..
Malaysia,MYS,Access to electricity (% of population),EG.ELC.ACCS.ZS,100
Malaysia,MYS,People using at least basic drinking water services (% of population),SH.H2O.BASW.ZS,97.0999105708665
Malaysia,MYS,Current health expenditure (% of GDP),SH.XPD.CHEX.GD.ZS,4.12441826
Malaysia,MYS,Research and development expenditure (% of GDP),GB.XPD.RSDV.GD.ZS,0.950879991054535
Maldives,MDV,Access to electricity (% of population),EG.ELC.ACCS.ZS,100
Maldives,MDV,People using at least basic drinking water services (% of population),SH.H2O.BASW.ZS,99.5444450641446
Maldives,MDV,Current health expenditure (% of GDP),SH.XPD.CHEX.GD.ZS,11.34723186
Maldives,MDV,Research and development expenditure (% of GDP),GB.XPD.RSDV.GD.ZS,..
Mali,MLI,Access to electricity (% of population),EG.ELC.ACCS.ZS,50.6440658569336
Mali,MLI,People using at least basic drinking water services (% of population),SH.H2O.BASW.ZS,80.7471863901878
Mali,MLI,Current health expenditure (% of GDP),SH.XPD.CHEX.GD.ZS,4.3081193
Mali,MLI,Research and development expenditure (% of GDP),GB.XPD.RSDV.GD.ZS,..
Malta,MLT,Access to electricity (% of population),EG.ELC.ACCS.ZS,100
Malta,MLT,People using at least basic drinking water services (% of population),SH.H2O.BASW.ZS,100
Malta,MLT,Current health expenditure (% of GDP),SH.XPD.CHEX.GD.ZS,10.83521566
Malta,MLT,Research and development expenditure (% of GDP),GB.XPD.RSDV.GD.ZS,0.654410004615784
Marshall Islands,MHL,Access to electricity (% of population),EG.ELC.ACCS.ZS,98.2568511962891
Marshall Islands,MHL,People using at least basic drinking water services (% of population),SH.H2O.BASW.ZS,85.4947213556817
Marshall Islands,MHL,Current health expenditure (% of GDP),SH.XPD.CHEX.GD.ZS,13.00799465
Marshall Islands,MHL,Research and development expenditure (% of GDP),GB.XPD.RSDV.GD.ZS,..
Mauritania,MRT,Access to electricity (% of population),EG.ELC.ACCS.ZS,45.4
Mauritania,MRT,People using at least basic drinking water services (% of population),SH.H2O.BASW.ZS,74.2967211205179
Mauritania,MRT,Current health expenditure (% of GDP),SH.XPD.CHEX.GD.ZS,3.35572982
Mauritania,MRT,Research and development expenditure (% of GDP),GB.XPD.RSDV.GD.ZS,..
Mauritius,MUS,Access to electricity (% of population),EG.ELC.ACCS.ZS,99.4640197753906
Mauritius,MUS,People using at least basic drinking water services (% of population),SH.H2O.BASW.ZS,99.9958002416707
Mauritius,MUS,Current health expenditure (% of GDP),SH.XPD.CHEX.GD.ZS,6.65996122
Mauritius,MUS,Research and development expenditure (% of GDP),GB.XPD.RSDV.GD.ZS,0.403239995241165
"Micronesia, Fed. Sts.",FSM,Access to electricity (% of population),EG.ELC.ACCS.ZS,81.8544082641602
"Micronesia, Fed. Sts.",FSM,People using at least basic drinking water services (% of population),SH.H2O.BASW.ZS,90.1142911078532
"Micronesia, Fed. Sts.",FSM,Current health expenditure (% of GDP),SH.XPD.CHEX.GD.ZS,11.5599966
"Micronesia, Fed. Sts.",FSM,Research and development expenditure (% of GDP),GB.XPD.RSDV.GD.ZS,..
Moldova,MDA,Access to electricity (% of population),EG.ELC.ACCS.ZS,100
Moldova,MDA,People using at least basic drinking water services (% of population),SH.H2O.BASW.ZS,91.1372487012655
Moldova,MDA,Current health expenditure (% of GDP),SH.XPD.CHEX.GD.ZS,6.77933121
Moldova,MDA,Research and development expenditure (% of GDP),GB.XPD.RSDV.GD.ZS,0.235109999775887
Monaco,MCO,Access to electricity (% of population),EG.ELC.ACCS.ZS,100
Monaco,MCO,People using at least basic drinking water services (% of population),SH.H2O.BASW.ZS,100
Monaco,MCO,Current health expenditure (% of GDP),SH.XPD.CHEX.GD.ZS,1.67133093
Monaco,MCO,Research and development expenditure (% of GDP),GB.XPD.RSDV.GD.ZS,..
Mongolia,MNG,Access to electricity (% of population),EG.ELC.ACCS.ZS,99.5021667480469
Mongolia,MNG,People using at least basic drinking water services (% of population),SH.H2O.BASW.ZS,82.1241197629958
Mongolia,MNG,Current health expenditure (% of GDP),SH.XPD.CHEX.GD.ZS,4.94451141
Mongolia,MNG,Research and development expenditure (% of GDP),GB.XPD.RSDV.GD.ZS,0.133009999990463
Montenegro,MNE,Access to electricity (% of population),EG.ELC.ACCS.ZS,99.8531112670898
Montenegro,MNE,People using at least basic drinking water services (% of population),SH.H2O.BASW.ZS,98.8569123690641
Montenegro,MNE,Current health expenditure (% of GDP),SH.XPD.CHEX.GD.ZS,11.42177582
Montenegro,MNE,Research and development expenditure (% of GDP),GB.XPD.RSDV.GD.ZS,..
Morocco,MAR,Access to electricity (% of population),EG.ELC.ACCS.ZS,100
Morocco,MAR,People using at least basic drinking water services (% of population),SH.H2O.BASW.ZS,85.9187628261055
Morocco,MAR,Current health expenditure (% of GDP),SH.XPD.CHEX.GD.ZS,5.99316072
Morocco,MAR,Research and development expenditure (% of GDP),GB.XPD.RSDV.GD.ZS,..
Mozambique,MOZ,Access to electricity (% of population),EG.ELC.ACCS.ZS,30.6123828887939
Mozambique,MOZ,People using at least basic drinking water services (% of population),SH.H2O.BASW.ZS,59.7601108598003
Mozambique,MOZ,Current health expenditure (% of GDP),SH.XPD.CHEX.GD.ZS,7.61939621
Mozambique,MOZ,Research and development expenditure (% of GDP),GB.XPD.RSDV.GD.ZS,..
Myanmar,MMR,Access to electricity (% of population),EG.ELC.ACCS.ZS,70.4157409667969
Myanmar,MMR,People using at least basic drinking water services (% of population),SH.H2O.BASW.ZS,80.7287633167077
Myanmar,MMR,Current health expenditure (% of GDP),SH.XPD.CHEX.GD.ZS,4.62411975
Myanmar,MMR,Research and development expenditure (% of GDP),GB.XPD.RSDV.GD.ZS,0.148969992995262
Namibia,NAM,Access to electricity (% of population),EG.ELC.ACCS.ZS,52.3
Namibia,NAM,People using at least basic drinking water services (% of population),SH.H2O.BASW.ZS,85.2751917542767
Namibia,NAM,Current health expenditure (% of GDP),SH.XPD.CHEX.GD.ZS,8.8962574
Namibia,NAM,Research and development expenditure (% of GDP),GB.XPD.RSDV.GD.ZS,..
Nauru,NRU,Access to electricity (% of population),EG.ELC.ACCS.ZS,100
Nauru,NRU,People using at least basic drinking water services (% of population),SH.H2O.BASW.ZS,..
Nauru,NRU,Current health expenditure (% of GDP),SH.XPD.CHEX.GD.ZS,11.96898365
Nauru,NRU,Research and development expenditure (% of GDP),GB.XPD.RSDV.GD.ZS,..
Nepal,NPL,Access to electricity (% of population),EG.ELC.ACCS.ZS,89.9
Nepal,NPL,People using at least basic drinking water services (% of population),SH.H2O.BASW.ZS,90.7685835327375
Nepal,NPL,Current health expenditure (% of GDP),SH.XPD.CHEX.GD.ZS,5.17351818
Nepal,NPL,Research and development expenditure (% of GDP),GB.XPD.RSDV.GD.ZS,..
New Caledonia,NCL,Access to electricity (% of population),EG.ELC.ACCS.ZS,100
New Caledonia,NCL,People using at least basic drinking water services (% of population),SH.H2O.BASW.ZS,99.3053205721716
New Caledonia,NCL,Current health expenditure (% of GDP),SH.XPD.CHEX.GD.ZS,..
New Caledonia,NCL,Research and development expenditure (% of GDP),GB.XPD.RSDV.GD.ZS,..
New Zealand,NZL,Access to electricity (% of population),EG.ELC.ACCS.ZS,100
New Zealand,NZL,People using at least basic drinking water services (% of population),SH.H2O.BASW.ZS,100
New Zealand,NZL,Current health expenditure (% of GDP),SH.XPD.CHEX.GD.ZS,10.02858734
New Zealand,NZL,Research and development expenditure (% of GDP),GB.XPD.RSDV.GD.ZS,..
Nicaragua,NIC,Access to electricity (% of population),EG.ELC.ACCS.ZS,86.003303527832
Nicaragua,NIC,People using at least basic drinking water services (% of population),SH.H2O.BASW.ZS,81.7087539746033
Nicaragua,NIC,Current health expenditure (% of GDP),SH.XPD.CHEX.GD.ZS,8.62854576
Nicaragua,NIC,Research and development expenditure (% of GDP),GB.XPD.RSDV.GD.ZS,..
Niger,NER,Access to electricity (% of population),EG.ELC.ACCS.ZS,18.7219104766846
Niger,NER,People using at least basic drinking water services (% of population),SH.H2O.BASW.ZS,47.7205800435476
Niger,NER,Current health expenditure (% of GDP),SH.XPD.CHEX.GD.ZS,6.20069504
Niger,NER,Research and development expenditure (% of GDP),GB.XPD.RSDV.GD.ZS,..
Nigeria,NGA,Access to electricity (% of population),EG.ELC.ACCS.ZS,55.4
Nigeria,NGA,People using at least basic drinking water services (% of population),SH.H2O.BASW.ZS,76.361790269796
Nigeria,NGA,Current health expenditure (% of GDP),SH.XPD.CHEX.GD.ZS,3.38063431
Nigeria,NGA,Research and development expenditure (% of GDP),GB.XPD.RSDV.GD.ZS,..
North Macedonia,MKD,Access to electricity (% of population),EG.ELC.ACCS.ZS,100
North Macedonia,MKD,People using at least basic drinking water services (% of population),SH.H2O.BASW.ZS,97.7824419960381
North Macedonia,MKD,Current health expenditure (% of GDP),SH.XPD.CHEX.GD.ZS,7.8894825
North Macedonia,MKD,Research and development expenditure (% of GDP),GB.XPD.RSDV.GD.ZS,0.372640013694763
Northern Mariana Islands,MNP,Access to electricity (% of population),EG.ELC.ACCS.ZS,100
Northern Mariana Islands,MNP,People using at least basic drinking water services (% of population),SH.H2O.BASW.ZS,100
Northern Mariana Islands,MNP,Current health expenditure (% of GDP),SH.XPD.CHEX.GD.ZS,..
Northern Mariana Islands,MNP,Research and development expenditure (% of GDP),GB.XPD.RSDV.GD.ZS,..
Norway,NOR,Access to electricity (% of population),EG.ELC.ACCS.ZS,100
Norway,NOR,People using at least basic drinking water services (% of population),SH.H2O.BASW.ZS,100
Norway,NOR,Current health expenditure (% of GDP),SH.XPD.CHEX.GD.ZS,11.41755009
Norway,NOR,Research and development expenditure (% of GDP),GB.XPD.RSDV.GD.ZS,2.24435997009277
Oman,OMN,Access to electricity (% of population),EG.ELC.ACCS.ZS,100
Oman,OMN,People using at least basic drinking water services (% of population),SH.H2O.BASW.ZS,92.1680313333192
Oman,OMN,Current health expenditure (% of GDP),SH.XPD.CHEX.GD.ZS,5.32572365
Oman,OMN,Research and development expenditure (% of GDP),GB.XPD.RSDV.GD.ZS,0.315990000963211
Pakistan,PAK,Access to electricity (% of population),EG.ELC.ACCS.ZS,94.4852828979492
Pakistan,PAK,People using at least basic drinking water services (% of population),SH.H2O.BASW.ZS,90.3373369493084
Pakistan,PAK,Current health expenditure (% of GDP),SH.XPD.CHEX.GD.ZS,2.95390352
Pakistan,PAK,Research and development expenditure (% of GDP),GB.XPD.RSDV.GD.ZS,..
Palau,PLW,Access to electricity (% of population),EG.ELC.ACCS.ZS,100
Palau,PLW,People using at least basic drinking water services (% of population),SH.H2O.BASW.ZS,99.5582727416003
Palau,PLW,Current health expenditure (% of GDP),SH.XPD.CHEX.GD.ZS,18.39064217
Palau,PLW,Research and development expenditure (% of GDP),GB.XPD.RSDV.GD.ZS,..
Panama,PAN,Access to electricity (% of population),EG.ELC.ACCS.ZS,95.3360137939453
Panama,PAN,People using at least basic drinking water services (% of population),SH.H2O.BASW.ZS,94.3957926093894
Panama,PAN,Current health expenditure (% of GDP),SH.XPD.CHEX.GD.ZS,9.66291618
Panama,PAN,Research and development expenditure (% of GDP),GB.XPD.RSDV.GD.ZS,0.210329994559288
Papua New Guinea,PNG,Access to electricity (% of population),EG.ELC.ACCS.ZS,20.4961185455322
Papua New Guinea,PNG,People using at least basic drinking water services (% of population),SH.H2O.BASW.ZS,48.1070226075146
Papua New Guinea,PNG,Current health expenditure (% of GDP),SH.XPD.CHEX.GD.ZS,2.52693653
Papua New Guinea,PNG,Research and development expenditure (% of GDP),GB.XPD.RSDV.GD.ZS,..
Paraguay,PRY,Access to electricity (% of population),EG.ELC.ACCS.ZS,99.7
Paraguay,PRY,People using at least basic drinking water services (% of population),SH.H2O.BASW.ZS,99.5934707827491
Paraguay,PRY,Current health expenditure (% of GDP),SH.XPD.CHEX.GD.ZS,7.57704258
Paraguay,PRY,Research and development expenditure (% of GDP),GB.XPD.RSDV.GD.ZS,0.156969994306564
Peru,PER,Access to electricity (% of population),EG.ELC.ACCS.ZS,96.2
Peru,PER,People using at least basic drinking water services (% of population),SH.H2O.BASW.ZS,93.6079681449903
Peru,PER,Current health expenditure (% of GDP),SH.XPD.CHEX.GD.ZS,6.30416107
Peru,PER,Research and development expenditure (% of GDP),GB.XPD.RSDV.GD.ZS,0.171719998121262
Philippines,PHL,Access to electricity (% of population),EG.ELC.ACCS.ZS,96.3902893066406
Philippines,PHL,People using at least basic drinking water services (% of population),SH.H2O.BASW.ZS,94.0512327503984
Philippines,PHL,Current health expenditure (% of GDP),SH.XPD.CHEX.GD.ZS,5.11274004
Philippines,PHL,Research and development expenditure (% of GDP),GB.XPD.RSDV.GD.ZS,..
Poland,POL,Access to electricity (% of population),EG.ELC.ACCS.ZS,100
Poland,POL,People using at least basic drinking water services (% of population),SH.H2O.BASW.ZS,91.0888058086284
Poland,POL,Current health expenditure (% of GDP),SH.XPD.CHEX.GD.ZS,6.49310207
Poland,POL,Research and development expenditure (% of GDP),GB.XPD.RSDV.GD.ZS,1.38608002662659
Portugal,PRT,Access to electricity (% of population),EG.ELC.ACCS.ZS,100
Portugal,PRT,People using at least basic drinking water services (% of population),SH.H2O.BASW.ZS,99.2320673881807
Portugal,PRT,Current health expenditure (% of GDP),SH.XPD.CHEX.GD.ZS,10.54930592
Portugal,PRT,Research and development expenditure (% of GDP),GB.XPD.RSDV.GD.ZS,1.61391997337341
Puerto Rico,PRI,Access to electricity (% of population),EG.ELC.ACCS.ZS,100
Puerto Rico,PRI,People using at least basic drinking water services (% of population),SH.H2O.BASW.ZS,100
Puerto Rico,PRI,Current health expenditure (% of GDP),SH.XPD.CHEX.GD.ZS,..
Puerto Rico,PRI,Research and development expenditure (% of GDP),GB.XPD.RSDV.GD.ZS,..
Qatar,QAT,Access to electricity (% of population),EG.ELC.ACCS.ZS,100
Qatar,QAT,People using at least basic drinking water services (% of population),SH.H2O.BASW.ZS,99.9766796628058
Qatar,QAT,Current health expenditure (% of GDP),SH.XPD.CHEX.GD.ZS,4.18303919
Qatar,QAT,Research and development expenditure (% of GDP),GB.XPD.RSDV.GD.ZS,..
Romania,ROU,Access to electricity (% of population),EG.ELC.ACCS.ZS,99.9952163696289
Romania,ROU,People using at least basic drinking water services (% of population),SH.H2O.BASW.ZS,100
Romania,ROU,Current health expenditure (% of GDP),SH.XPD.CHEX.GD.ZS,6.27236223
Romania,ROU,Research and development expenditure (% of GDP),GB.XPD.RSDV.GD.ZS,0.465380012989044
Rwanda,RWA,Access to electricity (% of population),EG.ELC.ACCS.ZS,45.1901092529297
Rwanda,RWA,People using at least basic drinking water services (% of population),SH.H2O.BASW.ZS,63.4259387180091
Rwanda,RWA,Current health expenditure (% of GDP),SH.XPD.CHEX.GD.ZS,7.3156209
Rwanda,RWA,Research and development expenditure (% of GDP),GB.XPD.RSDV.GD.ZS,..
Samoa,WSM,Access to electricity (% of population),EG.ELC.ACCS.ZS,100
Samoa,WSM,People using at least basic drinking water services (% of population),SH.H2O.BASW.ZS,97.3966472856546
Samoa,WSM,Current health expenditure (% of GDP),SH.XPD.CHEX.GD.ZS,5.32613707
Samoa,WSM,Research and development expenditure (% of GDP),GB.XPD.RSDV.GD.ZS,..
San Marino,SMR,Access to electricity (% of population),EG.ELC.ACCS.ZS,100
San Marino,SMR,People using at least basic drinking water services (% of population),SH.H2O.BASW.ZS,100
San Marino,SMR,Current health expenditure (% of GDP),SH.XPD.CHEX.GD.ZS,8.69089031
San Marino,SMR,Research and development expenditure (% of GDP),GB.XPD.RSDV.GD.ZS,..
Sao Tome and Principe,STP,Access to electricity (% of population),EG.ELC.ACCS.ZS,76.813606262207
Sao Tome and Principe,STP,People using at least basic drinking water services (% of population),SH.H2O.BASW.ZS,77.317357139711
Sao Tome and Principe,STP,Current health expenditure (% of GDP),SH.XPD.CHEX.GD.ZS,4.90671349
Sao Tome and Principe,STP,Research and development expenditure (% of GDP),GB.XPD.RSDV.GD.ZS,..
Senegal,SEN,Access to electricity (% of population),EG.ELC.ACCS.ZS,64.3
Senegal,SEN,People using at least basic drinking water services (% of population),SH.H2O.BASW.ZS,83.8869032487823
Senegal,SEN,Current health expenditure (% of GDP),SH.XPD.CHEX.GD.ZS,5.15119171
Senegal,SEN,Research and development expenditure (% of GDP),GB.XPD.RSDV.GD.ZS,..
Serbia,SRB,Access to electricity (% of population),EG.ELC.ACCS.ZS,100
Serbia,SRB,People using at least basic drinking water services (% of population),SH.H2O.BASW.ZS,95.2955251429795
Serbia,SRB,Current health expenditure (% of GDP),SH.XPD.CHEX.GD.ZS,8.73161697
Serbia,SRB,Research and development expenditure (% of GDP),GB.XPD.RSDV.GD.ZS,0.90557998418808
Seychelles,SYC,Access to electricity (% of population),EG.ELC.ACCS.ZS,100
Seychelles,SYC,People using at least basic drinking water services (% of population),SH.H2O.BASW.ZS,96.4188435589863
Seychelles,SYC,Current health expenditure (% of GDP),SH.XPD.CHEX.GD.ZS,6.38917351
Seychelles,SYC,Research and development expenditure (% of GDP),GB.XPD.RSDV.GD.ZS,..
Sierra Leone,SLE,Access to electricity (% of population),EG.ELC.ACCS.ZS,26.3106842041016
Sierra Leone,SLE,People using at least basic drinking water services (% of population),SH.H2O.BASW.ZS,63.0675633656408
Sierra Leone,SLE,Current health expenditure (% of GDP),SH.XPD.CHEX.GD.ZS,8.75637054
Sierra Leone,SLE,Research and development expenditure (% of GDP),GB.XPD.RSDV.GD.ZS,..
Singapore,SGP,Access to electricity (% of population),EG.ELC.ACCS.ZS,100
Singapore,SGP,People using at least basic drinking water services (% of population),SH.H2O.BASW.ZS,100
Singapore,SGP,Current health expenditure (% of GDP),SH.XPD.CHEX.GD.ZS,6.05388212
Singapore,SGP,Research and development expenditure (% of GDP),GB.XPD.RSDV.GD.ZS,2.16304993629456
Sint Maarten (Dutch part),SXM,Access to electricity (% of population),EG.ELC.ACCS.ZS,100
Sint Maarten (Dutch part),SXM,People using at least basic drinking water services (% of population),SH.H2O.BASW.ZS,..
Sint Maarten (Dutch part),SXM,Current health expenditure (% of GDP),SH.XPD.CHEX.GD.ZS,..
Sint Maarten (Dutch part),SXM,Research and development expenditure (% of GDP),GB.XPD.RSDV.GD.ZS,..
Slovak Republic,SVK,Access to electricity (% of population),EG.ELC.ACCS.ZS,100
Slovak Republic,SVK,People using at least basic drinking water services (% of population),SH.H2O.BASW.ZS,99.7877013589871
Slovak Republic,SVK,Current health expenditure (% of GDP),SH.XPD.CHEX.GD.ZS,7.23213387
Slovak Republic,SVK,Research and development expenditure (% of GDP),GB.XPD.RSDV.GD.ZS,0.897809982299805
Slovenia,SVN,Access to electricity (% of population),EG.ELC.ACCS.ZS,100
Slovenia,SVN,People using at least basic drinking water services (% of population),SH.H2O.BASW.ZS,99.5
Slovenia,SVN,Current health expenditure (% of GDP),SH.XPD.CHEX.GD.ZS,9.45357895
Slovenia,SVN,Research and development expenditure (% of GDP),GB.XPD.RSDV.GD.ZS,2.14265990257263
Solomon Islands,SLB,Access to electricity (% of population),EG.ELC.ACCS.ZS,72.8979263305664
Solomon Islands,SLB,People using at least basic drinking water services (% of population),SH.H2O.BASW.ZS,67.3010272697103
Solomon Islands,SLB,Current health expenditure (% of GDP),SH.XPD.CHEX.GD.ZS,4.43218184
Solomon Islands,SLB,Research and development expenditure (% of GDP),GB.XPD.RSDV.GD.ZS,..
Somalia,SOM,Access to electricity (% of population),EG.ELC.ACCS.ZS,49.8635635375977
Somalia,SOM,People using at least basic drinking water services (% of population),SH.H2O.BASW.ZS,56.4769729104123
Somalia,SOM,Current health expenditure (% of GDP),SH.XPD.CHEX.GD.ZS,..
Somalia,SOM,Research and development expenditure (% of GDP),GB.XPD.RSDV.GD.ZS,..
South Africa,ZAF,Access to electricity (% of population),EG.ELC.ACCS.ZS,90
South Africa,ZAF,People using at least basic drinking water services (% of population),SH.H2O.BASW.ZS,93.7647902920458
South Africa,ZAF,Current health expenditure (% of GDP),SH.XPD.CHEX.GD.ZS,8.58329773
South Africa,ZAF,Research and development expenditure (% of GDP),GB.XPD.RSDV.GD.ZS,0.603600025177002
South Sudan,SSD,Access to electricity (% of population),EG.ELC.ACCS.ZS,7.2609338760376
South Sudan,SSD,People using at least basic drinking water services (% of population),SH.H2O.BASW.ZS,40.9509272897971
South Sudan,SSD,Current health expenditure (% of GDP),SH.XPD.CHEX.GD.ZS,5.25355768
South Sudan,SSD,Research and development expenditure (% of GDP),GB.XPD.RSDV.GD.ZS,..
Sri Lanka,LKA,Access to electricity (% of population),EG.ELC.ACCS.ZS,99.9740982055664
Sri Lanka,LKA,People using at least basic drinking water services (% of population),SH.H2O.BASW.ZS,88.6959543081265
Sri Lanka,LKA,Current health expenditure (% of GDP),SH.XPD.CHEX.GD.ZS,4.06584978
Sri Lanka,LKA,Research and development expenditure (% of GDP),GB.XPD.RSDV.GD.ZS,0.115970000624657
St. Kitts and Nevis,KNA,Access to electricity (% of population),EG.ELC.ACCS.ZS,100
St. Kitts and Nevis,KNA,People using at least basic drinking water services (% of population),SH.H2O.BASW.ZS,..
St. Kitts and Nevis,KNA,Current health expenditure (% of GDP),SH.XPD.CHEX.GD.ZS,5.36557055
St. Kitts and Nevis,KNA,Research and development expenditure (% of GDP),GB.XPD.RSDV.GD.ZS,..
St. Lucia,LCA,Access to electricity (% of population),EG.ELC.ACCS.ZS,100
St. Lucia,LCA,People using at least basic drinking water services (% of population),SH.H2O.BASW.ZS,96.8878381709089
St. Lucia,LCA,Current health expenditure (% of GDP),SH.XPD.CHEX.GD.ZS,6.7380271
St. Lucia,LCA,Research and development expenditure (% of GDP),GB.XPD.RSDV.GD.ZS,..
St. Martin (French part),MAF,Access to electricity (% of population),EG.ELC.ACCS.ZS,100
St. Martin (French part),MAF,People using at least basic drinking water services (% of population),SH.H2O.BASW.ZS,99.9328785494532
St. Martin (French part),MAF,Current health expenditure (% of GDP),SH.XPD.CHEX.GD.ZS,..
St. Martin (French part),MAF,Research and development expenditure (% of GDP),GB.XPD.RSDV.GD.ZS,..
St. Vincent and the Grenadines,VCT,Access to electricity (% of population),EG.ELC.ACCS.ZS,100
St. Vincent and the Grenadines,VCT,People using at least basic drinking water services (% of population),SH.H2O.BASW.ZS,..
St. Vincent and the Grenadines,VCT,Current health expenditure (% of GDP),SH.XPD.CHEX.GD.ZS,4.81775093
St. Vincent and the Grenadines,VCT,Research and development expenditure (% of GDP),GB.XPD.RSDV.GD.ZS,..
Sudan,SDN,Access to electricity (% of population),EG.ELC.ACCS.ZS,59.6956977844238
Sudan,SDN,People using at least basic drinking water services (% of population),SH.H2O.BASW.ZS,62.7441109270103
Sudan,SDN,Current health expenditure (% of GDP),SH.XPD.CHEX.GD.ZS,3.01747656
Sudan,SDN,Research and development expenditure (% of GDP),GB.XPD.RSDV.GD.ZS,..
Suriname,SUR,Access to electricity (% of population),EG.ELC.ACCS.ZS,98.4032897949219
Suriname,SUR,People using at least basic drinking water services (% of population),SH.H2O.BASW.ZS,97.9896320628805
Suriname,SUR,Current health expenditure (% of GDP),SH.XPD.CHEX.GD.ZS,6.77187824
Suriname,SUR,Research and development expenditure (% of GDP),GB.XPD.RSDV.GD.ZS,..
Sweden,SWE,Access to electricity (% of population),EG.ELC.ACCS.ZS,100
Sweden,SWE,People using at least basic drinking water services (% of population),SH.H2O.BASW.ZS,99.7280724118451
Sweden,SWE,Current health expenditure (% of GDP),SH.XPD.CHEX.GD.ZS,11.37992764
Sweden,SWE,Research and development expenditure (% of GDP),GB.XPD.RSDV.GD.ZS,3.48959994316101
Syrian Arab Republic,SYR,Access to electricity (% of population),EG.ELC.ACCS.ZS,89.0276184082031
Syrian Arab Republic,SYR,People using at least basic drinking water services (% of population),SH.H2O.BASW.ZS,94.0036367979491
Syrian Arab Republic,SYR,Current health expenditure (% of GDP),SH.XPD.CHEX.GD.ZS,..
Syrian Arab Republic,SYR,Research and development expenditure (% of GDP),GB.XPD.RSDV.GD.ZS,..
Tajikistan,TJK,Access to electricity (% of population),EG.ELC.ACCS.ZS,99.505744934082
Tajikistan,TJK,People using at least basic drinking water services (% of population),SH.H2O.BASW.ZS,81.8524176009632
Tajikistan,TJK,Current health expenditure (% of GDP),SH.XPD.CHEX.GD.ZS,8.17697811
Tajikistan,TJK,Research and development expenditure (% of GDP),GB.XPD.RSDV.GD.ZS,0.0896899998188019
Tanzania,TZA,Access to electricity (% of population),EG.ELC.ACCS.ZS,39.9
Tanzania,TZA,People using at least basic drinking water services (% of population),SH.H2O.BASW.ZS,57.9702655871505
Tanzania,TZA,Current health expenditure (% of GDP),SH.XPD.CHEX.GD.ZS,3.74659801
Tanzania,TZA,Research and development expenditure (% of GDP),GB.XPD.RSDV.GD.ZS,..
Thailand,THA,Access to electricity (% of population),EG.ELC.ACCS.ZS,100
Thailand,THA,People using at least basic drinking water services (% of population),SH.H2O.BASW.ZS,100
Thailand,THA,Current health expenditure (% of GDP),SH.XPD.CHEX.GD.ZS,4.35930967
Thailand,THA,Research and development expenditure (% of GDP),GB.XPD.RSDV.GD.ZS,1.32818996906281
Timor-Leste,TLS,Access to electricity (% of population),EG.ELC.ACCS.ZS,96.0023727416992
Timor-Leste,TLS,People using at least basic drinking water services (% of population),SH.H2O.BASW.ZS,83.9742220966015
Timor-Leste,TLS,Current health expenditure (% of GDP),SH.XPD.CHEX.GD.ZS,9.85141468
Timor-Leste,TLS,Research and development expenditure (% of GDP),GB.XPD.RSDV.GD.ZS,..
Togo,TGO,Access to electricity (% of population),EG.ELC.ACCS.ZS,54.1275978088379
Togo,TGO,People using at least basic drinking water services (% of population),SH.H2O.BASW.ZS,68.8910592142641
Togo,TGO,Current health expenditure (% of GDP),SH.XPD.CHEX.GD.ZS,5.96301126
Togo,TGO,Research and development expenditure (% of GDP),GB.XPD.RSDV.GD.ZS,..
Tonga,TON,Access to electricity (% of population),EG.ELC.ACCS.ZS,99.8634948730469
Tonga,TON,People using at least basic drinking water services (% of population),SH.H2O.BASW.ZS,98.7374596276458
Tonga,TON,Current health expenditure (% of GDP),SH.XPD.CHEX.GD.ZS,5.31753922
Tonga,TON,Research and development expenditure (% of GDP),GB.XPD.RSDV.GD.ZS,..
Trinidad and Tobago,TTO,Access to electricity (% of population),EG.ELC.ACCS.ZS,100
Trinidad and Tobago,TTO,People using at least basic drinking water services (% of population),SH.H2O.BASW.ZS,98.8751707692306
Trinidad and Tobago,TTO,Current health expenditure (% of GDP),SH.XPD.CHEX.GD.ZS,7.31458092
Trinidad and Tobago,TTO,Research and development expenditure (% of GDP),GB.XPD.RSDV.GD.ZS,0.0643400028347969
Tunisia,TUN,Access to electricity (% of population),EG.ELC.ACCS.ZS,99.9
Tunisia,TUN,People using at least basic drinking water services (% of population),SH.H2O.BASW.ZS,96.6926617389598
Tunisia,TUN,Current health expenditure (% of GDP),SH.XPD.CHEX.GD.ZS,6.34364796
Tunisia,TUN,Research and development expenditure (% of GDP),GB.XPD.RSDV.GD.ZS,..
Turkmenistan,TKM,Access to electricity (% of population),EG.ELC.ACCS.ZS,100
Turkmenistan,TKM,People using at least basic drinking water services (% of population),SH.H2O.BASW.ZS,100
Turkmenistan,TKM,Current health expenditure (% of GDP),SH.XPD.CHEX.GD.ZS,5.68487024
Turkmenistan,TKM,Research and development expenditure (% of GDP),GB.XPD.RSDV.GD.ZS,..
Turks and Caicos Islands,TCA,Access to electricity (% of population),EG.ELC.ACCS.ZS,99.4
Turks and Caicos Islands,TCA,People using at least basic drinking water services (% of population),SH.H2O.BASW.ZS,98.7705697805465
Turks and Caicos Islands,TCA,Current health expenditure (% of GDP),SH.XPD.CHEX.GD.ZS,..
Turks and Caicos Islands,TCA,Research and development expenditure (% of GDP),GB.XPD.RSDV.GD.ZS,..
Tuvalu,TUV,Access to electricity (% of population),EG.ELC.ACCS.ZS,99.4254760742188
Tuvalu,TUV,People using at least basic drinking water services (% of population),SH.H2O.BASW.ZS,99.2182358260955
Tuvalu,TUV,Current health expenditure (% of GDP),SH.XPD.CHEX.GD.ZS,21.53916931
Tuvalu,TUV,Research and development expenditure (% of GDP),GB.XPD.RSDV.GD.ZS,..
Uganda,UGA,Access to electricity (% of population),EG.ELC.ACCS.ZS,42.139476776123
Uganda,UGA,People using at least basic drinking water services (% of population),SH.H2O.BASW.ZS,55.9611032232523
Uganda,UGA,Current health expenditure (% of GDP),SH.XPD.CHEX.GD.ZS,3.96206594
Uganda,UGA,Research and development expenditure (% of GDP),GB.XPD.RSDV.GD.ZS,..
Ukraine,UKR,Access to electricity (% of population),EG.ELC.ACCS.ZS,100
Ukraine,UKR,People using at least basic drinking water services (% of population),SH.H2O.BASW.ZS,93.5449854553326
Ukraine,UKR,Current health expenditure (% of GDP),SH.XPD.CHEX.GD.ZS,7.61658287
Ukraine,UKR,Research and development expenditure (% of GDP),GB.XPD.RSDV.GD.ZS,0.403180003166199
United Arab Emirates,ARE,Access to electricity (% of population),EG.ELC.ACCS.ZS,100
United Arab Emirates,ARE,People using at least basic drinking water services (% of population),SH.H2O.BASW.ZS,100
United Arab Emirates,ARE,Current health expenditure (% of GDP),SH.XPD.CHEX.GD.ZS,5.67226824
United Arab Emirates,ARE,Research and development expenditure (% of GDP),GB.XPD.RSDV.GD.ZS,1.48830997943878
Uruguay,URY,Access to electricity (% of population),EG.ELC.ACCS.ZS,100
Uruguay,URY,People using at least basic drinking water services (% of population),SH.H2O.BASW.ZS,99.4957570735158
Uruguay,URY,Current health expenditure (% of GDP),SH.XPD.CHEX.GD.ZS,9.15207481
Uruguay,URY,Research and development expenditure (% of GDP),GB.XPD.RSDV.GD.ZS,0.446619987487793
Uzbekistan,UZB,Access to electricity (% of population),EG.ELC.ACCS.ZS,100
Uzbekistan,UZB,People using at least basic drinking water services (% of population),SH.H2O.BASW.ZS,95.9578093461551
Uzbekistan,UZB,Current health expenditure (% of GDP),SH.XPD.CHEX.GD.ZS,6.74741459
Uzbekistan,UZB,Research and development expenditure (% of GDP),GB.XPD.RSDV.GD.ZS,0.13850000500679
Vanuatu,VUT,Access to electricity (% of population),EG.ELC.ACCS.ZS,67.2990570068359
Vanuatu,VUT,People using at least basic drinking water services (% of population),SH.H2O.BASW.ZS,90.4890274363613
Vanuatu,VUT,Current health expenditure (% of GDP),SH.XPD.CHEX.GD.ZS,3.96995449
Vanuatu,VUT,Research and development expenditure (% of GDP),GB.XPD.RSDV.GD.ZS,..
"Venezuela, RB",VEN,Access to electricity (% of population),EG.ELC.ACCS.ZS,99.9163208007813
"Venezuela, RB",VEN,People using at least basic drinking water services (% of population),SH.H2O.BASW.ZS,93.6858007093452
"Venezuela, RB",VEN,Current health expenditure (% of GDP),SH.XPD.CHEX.GD.ZS,3.81606245
"Venezuela, RB",VEN,Research and development expenditure (% of GDP),GB.XPD.RSDV.GD.ZS,..
Viet Nam,VNM,Access to electricity (% of population),EG.ELC.ACCS.ZS,99.8
Viet Nam,VNM,People using at least basic drinking water services (% of population),SH.H2O.BASW.ZS,96.6670224746456
Viet Nam,VNM,Current health expenditure (% of GDP),SH.XPD.CHEX.GD.ZS,4.68066788
Viet Nam,VNM,Research and development expenditure (% of GDP),GB.XPD.RSDV.GD.ZS,..
Virgin Islands (U.S.),VIR,Access to electricity (% of population),EG.ELC.ACCS.ZS,100
Virgin Islands (U.S.),VIR,People using at least basic drinking water services (% of population),SH.H2O.BASW.ZS,98.7182673758686
Virgin Islands (U.S.),VIR,Current health expenditure (% of GDP),SH.XPD.CHEX.GD.ZS,..
Virgin Islands (U.S.),VIR,Research and development expenditure (% of GDP),GB.XPD.RSDV.GD.ZS,..
West Bank and Gaza,PSE,Access to electricity (% of population),EG.ELC.ACCS.ZS,100
West Bank and Gaza,PSE,People using at least basic drinking water services (% of population),SH.H2O.BASW.ZS,97.8804019584454
West Bank and Gaza,PSE,Current health expenditure (% of GDP),SH.XPD.CHEX.GD.ZS,..
West Bank and Gaza,PSE,Research and development expenditure (% of GDP),GB.XPD.RSDV.GD.ZS,..
"Yemen, Rep.",YEM,Access to electricity (% of population),EG.ELC.ACCS.ZS,73.8534622192383
"Yemen, Rep.",YEM,People using at least basic drinking water services (% of population),SH.H2O.BASW.ZS,60.6635717973584
"Yemen, Rep.",YEM,Current health expenditure (% of GDP),SH.XPD.CHEX.GD.ZS,..
"Yemen, Rep.",YEM,Research and development expenditure (% of GDP),GB.XPD.RSDV.GD.ZS,..
Zambia,ZMB,Access to electricity (% of population),EG.ELC.ACCS.ZS,44.6040687561035
Zambia,ZMB,People using at least basic drinking water services (% of population),SH.H2O.BASW.ZS,67.8240040188064
Zambia,ZMB,Current health expenditure (% of GDP),SH.XPD.CHEX.GD.ZS,5.61788416
Zambia,ZMB,Research and development expenditure (% of GDP),GB.XPD.RSDV.GD.ZS,..
Zimbabwe,ZWE,Access to electricity (% of population),EG.ELC.ACCS.ZS,52.7476674999602
Zimbabwe,ZWE,People using at least basic drinking water services (% of population),SH.H2O.BASW.ZS,62.6664561104324
Zimbabwe,ZWE,Current health expenditure (% of GDP),SH.XPD.CHEX.GD.ZS,3.42558146
Zimbabwe,ZWE,Research and development expenditure (% of GDP),GB.XPD.RSDV.GD.ZS,..
